U531649,Noah Thomas,active
U346561,Chloe Wood,active
U917218,Alexander Cruz,active
U192467,Alexander Stewart,active
U401211,Isabella Gray,active
U966556,Daniel Phillips,active
U824115,Michael Cox,active
U144991,Chloe Rogers,active
U266829,Daniel Kelly,active
U812256,Chloe Turner,active
U979173,William Allen,active
U292615,Noah Nelson,active
U977454,William Roberts,active
U476616,Emma Stewart,active
U700672,Emily Miller,active
U806445,Aiden Richardson,active
U872282,Daniel Bennett,active
U387250,Olivia Price,active
U511908,Mia Hill,active
U297015,Abigail Hughes,active
U180698,Sophia Thompson,active
U652606,Sophia Williams,active
U507687,Sophia Cox,active
U139455,William Gray,active
U443006,Ava Watson,active
U213037,Alexander Reed,active
U966556,Daniel Phillips,active
U531649,Noah Thomas,active
U213037,Alexander Reed,active
U700672,Emily Miller,active
U266829,Daniel Kelly,active
U977454,William Roberts,active
U872282,Daniel Bennett,active
U700516,Madison Moore,deleted
U824115,Michael Cox,active
U979173,William Allen,active
U346561,Chloe Wood,active
U401211,Isabella Gray,active
U806445,Aiden Richardson,active
U511908,Mia Hill,active
U476616,Emma Stewart,active
U917218,Alexander Cruz,active
U387250,Olivia Price,active
U443006,Ava Watson,active
U507687,Sophia Cox,active
U192467,Alexander Stewart,active
U652606,Sophia Williams,active
U297015,Abigail Hughes,active
U292615,Noah Nelson,active
U812256,Chloe Turner,active
U139455,William Gray,active
U180698,Sophia Thompson,active
U144991,Chloe Rogers,active
U476616,Emma Stewart,active
U297015,Abigail Hughes,active
U346561,Chloe Wood,active
U977454,William Roberts,active
U872282,Daniel Bennett,active
U700672,Emily Miller,active
U700516,Madison Moore,active
U144991,Chloe Rogers,active
U824115,Michael Cox,active
U511908,Mia Hill,active
U917218,Alexander Cruz,active
U180698,Sophia Thompson,active
U507687,Sophia Cox,active
U266829,Michael Parker,active
U652606,Sophia Williams,active
U979173,William Allen,active
U387250,Olivia Price,active
U556850,Aiden Morris,active
U806445,Aiden Richardson,active
U401211,Isabella Gray,active
U966556,Daniel Phillips,active
U139455,William Gray,active
U215381,Emma King,active
U531649,Noah Thomas,deleted
U292615,Noah Nelson,active
U812256,Chloe Turner,active
U443006,Ava Watson,active
U189100,Sophia Watson,active
U213037,Alexander Reed,active
U192467,Alexander Stewart,active
U824115,Michael Cox,active
U812256,Chloe Turner,active
U917218,Alexander Cruz,active
U977454,William Roberts,active
U292615,Noah Nelson,active
U401211,Isabella Gray,active
U531649,Noah Thomas,deleted
U297015,Abigail Hughes,active
U966556,Daniel Phillips,active
U346561,Chloe Wood,active
U700516,Madison Moore,active
U556850,Aiden Morris,active
U652606,Sophia Williams,active
U153712,Sophia Morgan,active
U266829,Michael Parker,active
U192467,Alexander Stewart,active
U511908,Mia Hill,deleted
U476616,Emma Stewart,active
U938803,Sophia Cook,active
U443006,Ava Watson,active
U806445,Aiden Richardson,active
U215381,Emma King,active
U139455,William Gray,active
U507687,Sophia Cox,active
U189100,Sophia Watson,active
U387250,Olivia Price,active
U213037,Alexander Reed,active
U700672,Emily Miller,active
U617555,Alexander Bell,active
U872282,Daniel Bennett,active
U180698,Sophia Thompson,active
U144991,Chloe Rogers,deleted
U979173,William Allen,active
U346561,Chloe Wood,active
U872282,Daniel Bennett,active
U938803,Sophia Cook,active
U153712,Sophia Morgan,active
U288161,Aiden Allen,deleted
U979173,William Allen,active
U806445,Aiden Richardson,active
U819537,Anthony Watson,active
U472423,Jayden Murphy,active
U292615,Noah Nelson,active
U401211,Isabella Gray,active
U652606,Sophia Williams,active
U176749,Noah Hern,active
U189100,Sophia Watson,active
U966556,Daniel Phillips,active
U556850,Aiden Morris,active
U139455,William Gray,active
U511908,Mia Hill,active
U507687,Sophia Cox,active
U297015,Abigail Hughes,active
U977454,William Roberts,active
U387250,Olivia Price,active
U531649,Noah Thomas,deleted
U812256,Chloe Turner,active
U700516,Madison Moore,active
U180698,Sophia Thompson,active
U700672,Emily Miller,active
U144991,Chloe Rogers,deleted
U215381,Emma King,active
U443006,Ava Watson,active
U213037,Alexander Reed,active
U192467,Alexander Stewart,active
U824115,Michael Cox,active
U266829,Michael Parker,active
U476616,Emma Stewart,active
U617555,Alexander Bell,active
U917218,Alexander Cruz,active
U507687,Sophia Cox,active
U531649,Noah Thomas,deleted
U176749,Noah Hern,active
U346561,Chloe Wood,active
U266829,Michael Parker,active
U288161,Aiden Allen,deleted
U511908,Mia Hill,active
U700516,Madison Moore,active
U917218,Alexander Cruz,active
U266217,Sophia Thompson,deleted
U819537,Anthony Watson,active
U144991,Chloe Rogers,deleted
U472423,Jayden Murphy,active
U213037,Alexander Reed,active
U872282,Daniel Bennett,active
U443006,Ava Watson,active
U966556,Daniel Phillips,active
U938803,Sophia Cook,active
U387250,Olivia Price,active
U824115,Michael Cox,active
U180698,Sophia Thompson,active
U977454,William Roberts,active
U877257,Ava Turner,active
U652606,Sophia Williams,active
U476616,Emma Stewart,active
U189100,Sophia Watson,active
U617555,Alexander Bell,active
U292615,Noah Nelson,active
U192467,Alexander Stewart,active
U153712,Sophia Morgan,active
U401211,Isabella Gray,active
U297015,Abigail Hughes,active
U806445,Aiden Richardson,active
U556850,Aiden Morris,active
U812256,Chloe Turner,active
U979173,William Allen,active
U215381,Emma King,active
U139455,William Gray,active
U700672,Emily Miller,active
U877257,Ava Turner,active
U819537,Anthony Watson,active
U934579,Madison Thomas,active
U833377,William Phillips,active
U266829,Michael Parker,active
U358693,Emma Green,active
U472423,Jayden Murphy,active
U213037,Alexander Reed,active
U522793,Madison Jackson,active
U266217,Sophia Thompson,deleted
U977454,William Roberts,active
U531649,Noah Thomas,deleted
U153712,Sophia Morgan,active
U938803,Sophia Cook,active
U387250,Olivia Price,active
U872282,Daniel Bennett,active
U346561,Chloe Wood,active
U288161,Aiden Allen,deleted
U700516,Madison Moore,active
U176749,Noah Hern,active
U180698,Sophia Thompson,active
U511908,Mia Hill,active
U806445,Aiden Richardson,active
U443006,Ava Watson,active
U297015,Abigail Hughes,active
U652606,Sophia Williams,active
U292615,Noah Nelson,active
U556850,Aiden Morris,active
U476616,Emma Stewart,active
U401211,Isabella Gray,active
U812256,Chloe Turner,active
U189100,Sophia Watson,active
U139455,William Gray,active
U144991,Chloe Rogers,deleted
U979173,William Allen,active
U192467,Alexander Stewart,active
U507687,Sophia Cox,active
U700672,Emily Miller,active
U824115,Michael Cox,active
U295426,Isabella Watson,deleted
U215381,Emma King,active
U966556,Daniel Phillips,active
U917218,Alexander Cruz,active
U617555,Alexander Bell,active
U700672,Emily Miller,active
U966556,Daniel Phillips,active
U812256,Chloe Turner,active
U938803,Sophia Cook,active
U295426,Isabella Watson,deleted
U531649,Noah Thomas,deleted
U511908,Mia Hill,active
U153712,Sophia Morgan,active
U652606,Sophia Williams,active
U522793,Madison Jackson,active
U872282,Daniel Bennett,active
U977454,William Roberts,active
U533030,William Baker,active
U617555,Alexander Bell,active
U266217,Sophia Thompson,deleted
U180698,Sophia Thompson,active
U833377,William Phillips,active
U215381,Emma King,active
U189100,Sophia Watson,active
U297015,Abigail Hughes,active
U837978,Abigail Harris,deleted
U288161,Aiden Allen,deleted
U346561,Chloe Wood,active
U934579,Madison Thomas,active
U176749,Noah Hern,active
U556850,Aiden Morris,active
U700516,Madison Moore,active
U979173,William Allen,active
U401211,Isabella Gray,active
U266829,Michael Parker,active
U819537,Anthony Watson,active
U806445,Aiden Richardson,active
U213037,Alexander Reed,active
U144991,Chloe Rogers,deleted
U358693,Emma Green,active
U387250,Olivia Price,active
U824115,Michael Cox,active
U139455,William Gray,active
U292615,Noah Nelson,active
U472423,Jayden Murphy,active
U507687,Sophia Cox,active
U948417,Ethan Hughes,active
U877257,Ava Turner,active
U476616,Emma Stewart,active
U192467,Alexander Stewart,active
U917218,Alexander Cruz,active
U443006,Ava Watson,active
U153712,Sophia Morgan,active
U292615,Noah Nelson,active
U652606,Sophia Williams,active
U700672,Emily Miller,active
U872282,Daniel Bennett,active
U192467,Alexander Stewart,active
U295426,Isabella Watson,deleted
U288161,Aiden Allen,deleted
U531649,Noah Thomas,deleted
U833377,William Phillips,active
U617555,Alexander Bell,active
U934579,Madison Thomas,active
U139455,William Gray,active
U215381,Emma King,active
U556850,Aiden Morris,deleted
U979173,William Allen,active
U806445,Aiden Richardson,active
U472423,Jayden Murphy,active
U213037,Alexander Reed,active
U522793,Madison Jackson,active
U700516,Madison Moore,active
U266829,Michael Parker,active
U819537,Anthony Watson,active
U824115,Michael Cox,deleted
U297015,Abigail Hughes,active
U837978,Abigail Harris,deleted
U401211,Isabella Gray,active
U346561,Chloe Wood,active
U507687,Sophia Cox,active
U977454,William Roberts,active
U917218,Alexander Cruz,active
U443006,Ava Watson,active
U966556,Daniel Phillips,active
U511908,Mia Hill,active
U176749,Noah Hern,active
U957176,Ethan Morris,active
U358693,Emma Green,active
U812256,Chloe Turner,active
U189100,Sophia Watson,active
U144991,Chloe Rogers,deleted
U157612,Chloe Flores,active
U891624,Mia Mitchell,active
U180698,Sophia Thompson,active
U387250,Olivia Price,active
U877257,Ava Turner,active
U266217,Sophia Thompson,deleted
U476616,Emma Stewart,active
U948417,Ethan Hughes,active
U533030,William Baker,active
U938803,Sophia Cook,deleted
U254529,Daniel Hughes,deleted
U652606,Sophia Williams,active
U157612,Chloe Flores,active
U938803,Sophia Cook,deleted
U144991,Chloe Rogers,deleted
U556850,Aiden Morris,deleted
U533030,William Baker,active
U837978,Abigail Harris,deleted
U872282,Daniel Bennett,active
U288161,Aiden Allen,deleted
U295426,Isabella Watson,deleted
U346561,Chloe Wood,active
U617555,Alexander Bell,active
U934579,Madison Thomas,active
U292615,Noah Nelson,active
U833377,William Phillips,deleted
U966556,Daniel Phillips,active
U472423,Jayden Murphy,active
U215381,Emma King,active
U891624,Mia Mitchell,active
U443006,Ava Watson,active
U806445,Aiden Richardson,active
U358693,Emma Green,active
U297015,Abigail Hughes,active
U957176,Ethan Morris,active
U963617,Noah Adams,active
U917218,Alexander Cruz,active
U266829,Michael Parker,active
U266217,Sophia Thompson,deleted
U153712,Sophia Morgan,active
U180698,Sophia Thompson,active
U531649,Noah Thomas,active
U812256,Chloe Turner,active
U507687,Sophia Cox,active
U819537,Anthony Watson,active
U979173,William Allen,active
U948417,Ethan Hughes,active
U119052,Chloe Barnes,deleted
U877257,Ava Turner,active
U176749,Noah Hern,active
U522793,Madison Jackson,active
U213037,Alexander Reed,active
U824115,Michael Cox,active
U511908,Mia Hill,active
U700516,Madison Moore,active
U700672,Emily Miller,active
U476616,Emma Stewart,deleted
U977454,William Roberts,active
U401211,Isabella Gray,active
U192467,Alexander Stewart,active
U139455,William Gray,active
U189100,Sophia Watson,active
U387250,Olivia Price,active
